user_id,first_name,last_name,email,password,title,phone,activity
1,Libby,Crottagh,lcrottagh0@ted.com,3onZpY1q89Im,Ms,453-289-4376,false
2,Fulvia,Oselton,foselton1@un.org,7ypkU5lflRuR,Honorable,180-121-5510,false
3,Darrelle,Lawly,dlawly2@sciencedirect.com,4h0bHhZO,Honorable,437-992-3028,true
4,Claudette,Orth,corth3@icio.us,B5fsGq2sCg,Dr,330-781-0025,false
5,Atlante,Cashley,acashley4@blogspot.com,Mws0SU5,Ms,497-444-9500,true
6,Ezra,Bagnold,ebagnold5@salon.com,TmZjsBDa0R,Mrs,914-173-2424,true
7,Carola,Burbank,cburbank6@taobao.com,OCQUGlsDQv7P,Honorable,135-306-0235,true
8,Bendix,Jeannard,bjeannard7@gizmodo.com,V9p877sHY,Honorable,689-600-2068,false
9,Florinda,Oloman,foloman8@chron.com,RUSwJSqLyn,Dr,651-653-3373,false
10,Madel,Janaud,mjanaud9@etsy.com,l3QRxv5,Mrs,481-833-3350,false
11,Juana,Allibone,jallibonea@springer.com,qa2CxuXLa,Rev,213-801-9028,false
12,Ody,Trump,otrumpb@phpbb.com,BIzcznK,Honorable,824-273-3337,true
13,Ephrayim,Steddall,esteddallc@slate.com,W3Q7hmUfPxb2,Mr,504-299-5924,false
14,Issy,Sutliff,isutliffd@facebook.com,x5Hj7a8Y8yg,Mr,440-437-4929,true
15,Zebulen,Ravilious,zraviliouse@fda.gov,VUqBOa33Ar,Honorable,775-773-0606,true
16,Elonore,Fleckno,eflecknof@symantec.com,35I52Bzsyn4A,Ms,539-676-8890,false
17,Devonna,Hayller,dhayllerg@samsung.com,HmQd6zAp3ry,Honorable,283-698-2382,false
18,Darcy,Hovey,dhoveyh@tumblr.com,J9ytphzs,Rev,969-422-6886,true
19,Adrianna,Hindenburg,ahindenburgi@va.gov,Sr7prhDesCt,Dr,202-848-7908,false
20,Dianne,Ivanonko,divanonkoj@cnbc.com,RyzNtWnIy,Rev,417-733-0726,true
21,Roger,Langdridge,rlangdridgek@springer.com,hRVEkdYhnqY,Ms,232-385-7197,false
22,Idalina,Angless,ianglessl@newyorker.com,GOS7vB,Honorable,102-294-7531,false
23,Ingar,O'Loinn,ioloinnm@archive.org,JWvGUvSwlGt,Honorable,642-385-9499,false
24,Annora,Dallon,adallonn@whitehouse.gov,DVdITLNVgiXr,Mr,131-621-0326,false
25,Thatcher,Clemo,tclemoo@people.com.cn,ZLW75q,Rev,613-189-4257,false
26,Thomasina,McCague,tmccaguep@bigcartel.com,Bcpkqh,Honorable,137-762-8237,false
27,Patrizio,Pelz,ppelzq@opensource.org,nziKgKGPO0QF,Ms,920-275-3847,false
28,Krystyna,Thynn,kthynnr@google.nl,Wlh9hO,Rev,872-951-2780,false
29,Marlow,Murthwaite,mmurthwaites@shinystat.com,MxXvyv06W,Ms,260-313-8877,false
30,Janot,Elcome,jelcomet@paginegialle.it,IjjClJ0wQ,Mr,172-475-1308,false
31,Claiborne,Gianuzzi,cgianuzziu@xing.com,yCCsN2iKVhU4,Rev,162-876-7412,true
32,Gael,Buller,gbullerv@kickstarter.com,lIq7xrQRU,Ms,571-649-8727,false
33,Danyette,Chadwin,dchadwinw@statcounter.com,ACUuHJt,Rev,437-523-2773,true
34,Jae,Usherwood,jusherwoodx@sohu.com,YXLx2ddj,Mr,712-816-8003,false
35,Barth,Jozwicki,bjozwickiy@craigslist.org,wpkEH2IxNdh,Honorable,255-240-0740,false
36,Myer,MacCarrane,mmaccarranez@bigcartel.com,CbXSuT0LMGt8,Dr,206-736-0986,false
37,Dniren,Tynemouth,dtynemouth10@yahoo.co.jp,CTCsGcujLz,Mr,322-745-8292,false
38,Stephannie,Lantiff,slantiff11@prlog.org,eLk89lGQL,Mr,133-389-2163,false
39,Jeffie,Evans,jevans12@reuters.com,RqI3CV,Dr,230-529-3884,true
40,Janaya,Vedyashkin,jvedyashkin13@163.com,SKXY6Ak3nc0,Mrs,975-387-1133,true
41,Mandie,Rubinivitz,mrubinivitz14@squarespace.com,UFQEcLovk6i5,Dr,994-597-6385,true
42,Letitia,Garmans,lgarmans15@cdc.gov,Atcb3Mk,Honorable,956-885-2510,true
43,Arne,Cranch,acranch16@cdbaby.com,6EVC75PXi5JX,Honorable,457-616-1781,true
44,My,Viner,mviner17@discovery.com,KM97qCiD9o0c,Ms,313-989-6860,false
45,Robbie,Huckerbe,rhuckerbe18@yandex.ru,QKD7eRHQ9Q,Honorable,252-847-6148,true
46,Inez,Mea,imea19@moonfruit.com,mY9WlhJ9d,Mr,999-244-1358,false
47,Travus,Yaldren,tyaldren1a@blogs.com,An14gdH,Mr,626-653-1945,false
48,Sarge,Jerche,sjerche1b@imageshack.us,SZI0P3f5dgd,Rev,224-400-5376,true
49,Sonny,Trimnell,strimnell1c@about.me,uBx4mf8f7,Dr,758-242-9253,true
50,Dex,Vlahos,dvlahos1d@huffingtonpost.com,K2kWCSGWYA,Honorable,196-582-6390,false
51,Baryram,Monnoyer,bmonnoyer1e@alexa.com,0P5l8nmPidm,Dr,659-821-5579,false
52,Neda,Doret,ndoret1f@scribd.com,sLYL8SIK6,Ms,330-563-3667,false
53,Allyce,Boulstridge,aboulstridge1g@dailymotion.com,5qLiuS,Ms,173-884-9150,false
54,Hermon,Acott,hacott1h@prweb.com,QsKSitZ,Ms,147-174-2731,false
55,Gerick,Korpolak,gkorpolak1i@ebay.co.uk,ReCBvbO,Honorable,224-807-9060,true
56,Free,Luckcuck,fluckcuck1j@webeden.co.uk,hsovGubW,Rev,971-678-8207,true
57,Mace,Garmanson,mgarmanson1k@creativecommons.org,7GvmKyOeRM,Mr,756-970-6701,true
58,Mallissa,Bazley,mbazley1l@delicious.com,lLs2qKPHCg,Rev,933-388-9479,false
59,Flory,Yanov,fyanov1m@mac.com,6WM6Lkzh,Honorable,528-108-0661,false
60,Dee,Apted,dapted1n@walmart.com,MNhK0zcGOx,Honorable,601-379-1595,true
61,Pris,Bettington,pbettington1o@networksolutions.com,6F91hljvVs,Dr,898-782-7630,true
62,Carlynne,Hedlestone,chedlestone1p@blogger.com,wy5qexKJz,Rev,322-716-1725,true
63,Llewellyn,Pascho,lpascho1q@tinypic.com,vqYI6fE,Mrs,668-997-9001,true
64,Tate,Spriggen,tspriggen1r@irs.gov,Cq3tI4Bwzg,Honorable,375-298-8221,false
65,Dunstan,Dinneges,ddinneges1s@home.pl,q7Grp7TCk,Rev,585-796-0022,false
66,Conrado,Gostridge,cgostridge1t@boston.com,rl4YpypiA,Honorable,550-862-8791,false
67,Barr,Petrillo,bpetrillo1u@360.cn,piLlWPFLBzh,Rev,637-158-1837,true
68,Kare,Caudrey,kcaudrey1v@umich.edu,WhQdmvp,Dr,305-784-2902,true
69,Vinnie,Ruse,vruse1w@guardian.co.uk,zCojCbG,Dr,542-783-7564,true
70,Amerigo,Mochan,amochan1x@sohu.com,oD0g9HNVT,Mr,613-769-6492,true
71,Ibby,Birdsall,ibirdsall1y@wikia.com,m4tyjxm3,Mrs,242-963-6510,false
72,Aryn,Griffey,agriffey1z@ovh.net,ao9WgYBW6,Mr,206-770-1642,true
73,Scotti,Girardetti,sgirardetti20@nytimes.com,QIj6bSxJ,Mr,560-608-1668,true
74,Meggy,McGilvra,mmcgilvra21@google.ru,5p90vrm3Sm1w,Mr,534-469-1524,true
75,Olympe,Mann,omann22@blogger.com,SK3UJOaxKr,Rev,803-153-1595,true
76,Sunny,Brinkman,sbrinkman23@naver.com,3t90UyPx,Ms,158-139-7061,false
77,Candy,Andre,candre24@a8.net,lFsMbnH7D,Mr,426-100-7364,false
78,Brien,Blundell,bblundell25@cdc.gov,OxC8q9,Dr,540-482-7662,true
79,Collie,Rapin,crapin26@sogou.com,469uLFyMe,Honorable,826-442-0853,true
80,Mavis,Metschke,mmetschke27@gmpg.org,tidIaKX,Mr,950-391-2703,true
81,Gerti,Grist,ggrist28@nydailynews.com,5rCR5SsR,Rev,457-941-6511,false
82,Nil,Flitcroft,nflitcroft29@netlog.com,iUyqry,Mrs,941-874-1247,true
83,Joly,Eliot,jeliot2a@soup.io,RNRaWfs51G,Mrs,521-224-4565,true
84,Heindrick,Forsdyke,hforsdyke2b@psu.edu,mzF3Em67Kk0T,Rev,761-270-1513,true
85,Gottfried,Waddingham,gwaddingham2c@amazon.co.uk,gxlvDlFZ1Cv,Mrs,536-906-7483,true
86,Chip,Yakov,cyakov2d@house.gov,4CF1MpXhptz,Ms,923-827-6938,false
87,Isaiah,Ingles,iingles2e@omniture.com,brDrs3X,Honorable,239-388-0694,false
88,Klarika,Cardwell,kcardwell2f@youku.com,frXsKh,Rev,412-531-5468,false
89,Dorothea,Soppit,dsoppit2g@thetimes.co.uk,EGQ45V1n,Mr,371-918-0435,true
90,Dora,Grice,dgrice2h@blogspot.com,1pDNY56,Mrs,765-870-5142,false
91,Keriann,Adams,kadams2i@trellian.com,Fzc5HzrT,Honorable,671-810-6970,true
92,Cos,Dominici,cdominici2j@patch.com,4hqWjZfPqH,Dr,917-348-7364,true
93,Karlene,Brenneke,kbrenneke2k@technorati.com,BP2IN2TwWu,Rev,194-662-2586,true
94,Silvana,Carville,scarville2l@oakley.com,45eVUy9,Honorable,188-533-7092,true
95,Marjorie,Sunock,msunock2m@techcrunch.com,8LP49kCutNZO,Rev,134-145-0084,true
96,Donalt,Bridgewater,dbridgewater2n@businessinsider.com,goWUDXqcl,Mr,816-962-6008,false
97,Livvyy,Schoffler,lschoffler2o@craigslist.org,bGfXFF,Rev,198-707-0539,true
98,Deborah,Largen,dlargen2p@gmpg.org,iNnkw2,Ms,277-827-3481,false
99,Livvie,Creenan,lcreenan2q@unesco.org,XOdjpT9ZSH,Rev,923-578-4608,true
100,Kora,Dobinson,kdobinson2r@behance.net,kNDrAFaYCzaQ,Mrs,104-918-7160,true
101,Mirabelle,Colton,mcolton2s@apache.org,rHWtM7,Rev,780-929-8054,true
102,Torre,Proppers,tproppers2t@clickbank.net,lXwTxG720Jml,Ms,796-570-2188,false
103,Dorella,Antonovic,dantonovic2u@elegantthemes.com,R1aFluaCDl,Mrs,458-188-5478,false
104,Fred,Klejna,fklejna2v@topsy.com,aikX8vwVv,Mr,160-537-6708,false
105,Cissiee,Trustey,ctrustey2w@aol.com,QGpa3v,Dr,573-220-9757,false
106,Alyson,Yuryatin,ayuryatin2x@lulu.com,wmIXOrXXui,Rev,281-834-3411,false
107,Inness,Desforges,idesforges2y@chronoengine.com,Oe32CxC,Ms,523-463-8342,true
108,Ravid,Darrigone,rdarrigone2z@house.gov,uoC1jmwKJ,Rev,357-320-0581,true
109,Phyllis,Askem,paskem30@unblog.fr,sI4cVqLyyXhB,Dr,660-536-9860,false
110,Micaela,Tattoo,mtattoo31@soundcloud.com,ILDCBW08,Honorable,924-324-2864,true
111,Ripley,Lages,rlages32@webs.com,GE4mebkc8EL,Ms,717-787-7056,false
112,Tildi,Bampkin,tbampkin33@meetup.com,fztZgxQ1,Honorable,966-866-0379,false
113,Ara,Rudyard,arudyard34@hostgator.com,qH7gFCaIyx,Ms,859-877-1980,true
114,Orelee,Simmon,osimmon35@google.cn,Kdia6ZSck97l,Mr,404-985-9441,false
115,Rachele,Halfpenny,rhalfpenny36@globo.com,1KSJPQ,Dr,685-685-4681,true
116,Karl,Warret,kwarret37@furl.net,yPIakL9MyVA9,Dr,673-113-2655,true
117,Isak,Aleksandrev,ialeksandrev38@oakley.com,k5EVRLvS,Dr,542-999-5155,true
118,Trueman,Meriet,tmeriet39@ocn.ne.jp,lcsn3YW,Mrs,957-289-8819,true
119,Hew,Dally,hdally3a@java.com,zCkStvdk,Mr,308-199-3338,false
120,Laureen,Brookzie,lbrookzie3b@barnesandnoble.com,pIZ1PFc,Mrs,220-534-0858,true
121,Emanuel,Egdale,eegdale3c@about.com,dGmtoxNp,Mr,951-917-1796,true
122,Virginia,Bahde,vbahde3d@sciencedirect.com,C8w4utVBlQ,Ms,447-256-6479,false
123,Quinlan,Wichard,qwichard3e@wikimedia.org,tYk3km29Lbsc,Ms,885-223-9285,true
124,Walliw,Taplin,wtaplin3f@merriam-webster.com,AfKPcb,Honorable,731-376-3190,false
125,Gwyn,Willmetts,gwillmetts3g@twitpic.com,evLhCwy,Mrs,436-582-3725,true
126,Hetti,Facchini,hfacchini3h@mac.com,1Rn2HXPJG,Rev,181-968-9826,false
127,Pattin,Growcock,pgrowcock3i@sphinn.com,VGDkFL6,Dr,761-747-8765,true
128,Benetta,Button,bbutton3j@live.com,kfVCV9a2bt,Honorable,814-359-5859,false
129,Ag,Belfitt,abelfitt3k@tumblr.com,eRLYKM,Mrs,187-373-3099,true
130,Bealle,Calf,bcalf3l@dion.ne.jp,3OALAFZ,Mrs,584-592-0978,false
131,Brew,Kiffe,bkiffe3m@homestead.com,rY0a3Str,Mr,849-107-9885,true
132,Gerald,Wadeling,gwadeling3n@theguardian.com,acwIVClEgpDC,Dr,901-800-9855,true
133,Glenine,Albany,galbany3o@aol.com,fzqYHD4,Rev,905-907-8727,true
134,Thekla,Goodayle,tgoodayle3p@1und1.de,RQpYNSsUuex,Mr,144-640-2058,true
135,Rhetta,Glitherow,rglitherow3q@photobucket.com,Kj47p4G,Ms,942-993-6403,false
136,Dal,Patrono,dpatrono3r@biblegateway.com,Ir7dVCP9,Rev,882-843-6577,true
137,Corey,Halksworth,chalksworth3s@timesonline.co.uk,JtO70xjEA3,Ms,738-854-1867,true
138,Elvira,Kisar,ekisar3t@simplemachines.org,iTmEMay8,Rev,555-310-0322,true
139,Aldwin,Payze,apayze3u@rambler.ru,Dl557JpcFxS8,Honorable,349-820-7871,true
140,Reagen,Marzelli,rmarzelli3v@amazon.co.jp,pMH84y,Mrs,142-134-2431,false
141,Justis,Scad,jscad3w@liveinternet.ru,auFbI6BC,Rev,711-634-5685,true
142,Hanni,Prenty,hprenty3x@cmu.edu,sX2b3NDUTF3,Dr,460-551-1417,false
143,Tabitha,Bassford,tbassford3y@cafepress.com,zJujNU5,Dr,696-574-5602,true
144,Merlina,Gorch,mgorch3z@hexun.com,yuYlAV,Dr,990-153-4708,false
145,Guy,Neilan,gneilan40@cafepress.com,oTR203,Rev,177-942-7584,false
146,Aleece,Giovannardi,agiovannardi41@gizmodo.com,QAP1r9MAXw,Honorable,228-340-3341,true
147,Tina,Peteri,tpeteri42@ibm.com,QBWPFNU,Mr,707-694-6165,true
148,Sioux,Orta,sorta43@washington.edu,elwr71tI9rnJ,Dr,245-915-0750,true
149,Cayla,Brosi,cbrosi44@psu.edu,VJY3Fv,Honorable,199-639-4226,true
150,Stella,Brotherton,sbrotherton45@seattletimes.com,UglcOt,Rev,271-158-1234,false
151,Francene,Kernermann,fkernermann46@smugmug.com,TXB9ax,Mrs,848-700-0599,false
152,Margalo,Eggar,meggar47@arizona.edu,7ygJAL43,Rev,346-692-4162,false
153,Livia,Casone,lcasone48@woothemes.com,aKuuf2,Honorable,179-879-9891,true
154,Bryn,Dobson,bdobson49@geocities.jp,FeyAZtPeShqa,Mr,523-280-8082,true
155,Leesa,Mackrill,lmackrill4a@google.es,JaA5rdS,Mrs,539-667-1210,true
156,Maury,Coultard,mcoultard4b@linkedin.com,6fNzGF,Rev,780-920-9978,true
157,Ashlin,Gowman,agowman4c@geocities.com,slc2rZNmqc,Honorable,738-315-8318,false
158,Tatiania,Ruddoch,truddoch4d@phpbb.com,SExmpImA,Mrs,813-748-4807,false
159,Andee,Saw,asaw4e@businessinsider.com,jOZSKsAc,Mr,510-933-8545,false
160,Ermanno,Nezey,enezey4f@vkontakte.ru,PUs5knvP,Mrs,328-927-4736,true
161,Kelli,Knee,kknee4g@jimdo.com,ahzQJNgUk,Mr,701-591-6561,false
162,Monro,Cornwall,mcornwall4h@google.cn,U13dVR,Mrs,524-943-0080,false
163,Mikel,Jaan,mjaan4i@aboutads.info,H1EaJlPan,Dr,994-451-1564,false
164,Melita,Medendorp,mmedendorp4j@cyberchimps.com,xzljyAOLDt,Dr,508-727-5765,true
165,Skippy,Robardley,srobardley4k@apache.org,fLf9dww4XxrC,Honorable,480-971-0963,true
166,Elston,Leason,eleason4l@upenn.edu,EaUjTxYN,Rev,485-515-0499,true
167,Lulu,Keling,lkeling4m@wp.com,NfHBDdJVw2,Ms,819-146-1764,false
168,Bone,di Rocca,bdirocca4n@amazon.de,ifWeRLd,Rev,401-508-7733,false
169,Agace,Cashmore,acashmore4o@elegantthemes.com,6aabD8E3t,Rev,526-499-4503,true
170,Mirelle,Merritt,mmerritt4p@feedburner.com,T8prIu,Mr,759-374-2400,true
171,Zeke,Erricker,zerricker4q@ihg.com,SBaoksyDuBH,Dr,779-646-7524,false
172,Lawrence,Shergill,lshergill4r@goodreads.com,a2xkCd,Dr,927-800-5193,false
173,Clemence,Coils,ccoils4s@noaa.gov,lMvYmZxCqQJ,Dr,629-338-9734,true
174,Arv,Mantle,amantle4t@google.co.uk,XhTl0ixxy,Dr,501-948-2843,true
175,Jeffie,Hedderly,jhedderly4u@nbcnews.com,v7f5sNTupK,Ms,526-842-5333,true
176,Saunderson,Scramage,sscramage4v@123-reg.co.uk,niUoTHEc20HK,Dr,447-622-2808,false
177,Kirby,McVitie,kmcvitie4w@prweb.com,9Ql3JMsW,Honorable,369-496-4967,false
178,Faber,Calderon,fcalderon4x@smugmug.com,cqxT6NlbuBp,Honorable,511-901-1118,true
179,Jacky,Pinhorn,jpinhorn4y@gmpg.org,kGzQ60paEwNx,Ms,853-599-8580,true
180,Rudd,Yarnell,ryarnell4z@washington.edu,54GMTg,Mrs,854-232-6364,true
181,Korella,Bleier,kbleier50@plala.or.jp,ND2lbe,Ms,471-523-7053,false
182,Freida,Halsey,fhalsey51@cbsnews.com,ZfNHj25D,Ms,704-616-4949,false
183,Nicolea,Asquith,nasquith52@google.ca,IiIk9DSX,Ms,577-543-3234,false
184,Marlowe,Buer,mbuer53@devhub.com,6bIzmFU,Honorable,859-634-3088,true
185,Trenna,Hambrook,thambrook54@skype.com,MRw19OQxXk,Dr,541-106-0595,true
186,Ada,Grzeszczyk,agrzeszczyk55@theglobeandmail.com,Ul2hXzjr4UuO,Ms,304-226-7882,false
187,Tabbitha,Tytcomb,ttytcomb56@macromedia.com,i7zacJ3EyN,Ms,134-722-3397,true
188,Franky,Studd,fstudd57@bloomberg.com,wbdBRJB,Mrs,883-311-8468,true
189,Fremont,Venning,fvenning58@sina.com.cn,lFvswEFVlT,Honorable,311-892-9994,true
190,Dania,Stampfer,dstampfer59@mapy.cz,BOtIbjU,Honorable,176-754-5213,false
191,Mel,Hannant,mhannant5a@yale.edu,AV3VpkmXTV,Mrs,839-944-1957,false
192,Shoshana,Hatwell,shatwell5b@netscape.com,HaHNcMOhNcC,Honorable,718-616-7759,false
193,Cory,Blaszczyk,cblaszczyk5c@blogger.com,a2vNaKYUt1vw,Honorable,972-284-0027,false
194,Adelice,Lanbertoni,alanbertoni5d@delicious.com,y6fGjC6e,Rev,346-361-1476,true
195,Saunderson,Justun,sjustun5e@bluehost.com,beyZgiIIzfz,Rev,942-245-7287,false
196,Calley,Lardiner,clardiner5f@nbcnews.com,ojtlP0k,Ms,692-380-5129,true
197,Deb,Oxherd,doxherd5g@people.com.cn,RW7t6ED,Ms,254-515-9114,true
198,Donia,Wontner,dwontner5h@google.pl,g2CkWDBFJAf,Mr,421-398-8741,true
199,Ollie,Jorcke,ojorcke5i@craigslist.org,cYoX0vU2,Ms,632-759-4674,true
200,Anson,MacConneely,amacconneely5j@sun.com,YHFeE6zX3N,Rev,694-285-8591,true
201,Hermine,Lantiffe,hlantiffe5k@japanpost.jp,Yo8mgTMVeC2,Ms,266-732-6684,true
202,Ernest,Mulroy,emulroy5l@mozilla.com,9cR95TlMQzwj,Ms,461-396-5869,true
203,Alasdair,Boshell,aboshell5m@people.com.cn,EMtloN98lNw,Honorable,674-142-9786,false
204,Anabella,Moodey,amoodey5n@storify.com,YeVvku,Mrs,622-736-4416,true
205,Shaine,Blandamere,sblandamere5o@people.com.cn,HC4AqW6oFVKZ,Ms,231-940-3826,true
206,Alwyn,Darben,adarben5p@hao123.com,3Ep7WY,Ms,440-173-4694,false
207,Margalit,Stratton,mstratton5q@cocolog-nifty.com,dQIhCP6Z2,Honorable,629-609-2180,false
208,Ursulina,Forrest,uforrest5r@dailymail.co.uk,HoGRx7,Honorable,929-621-6466,false
209,Gail,Widocks,gwidocks5s@adobe.com,YYrxR1KaL6,Rev,275-412-7095,true
210,Ashlie,Akerman,aakerman5t@weebly.com,lqVsjev,Dr,668-947-3213,false
211,Dayle,Allam,dallam5u@jiathis.com,Xb47d5Uno,Mrs,103-921-4638,false
212,Claudette,Linfoot,clinfoot5v@csmonitor.com,SePs7GlbR,Ms,683-237-4984,false
213,Jerrilyn,Gradley,jgradley5w@ox.ac.uk,lEkmym0,Ms,460-851-7327,false
214,Melita,Gregorin,mgregorin5x@mail.ru,B5GAYSZk7cN,Honorable,861-456-9227,false
215,Demetra,Pennicard,dpennicard5y@tinyurl.com,kaQwuaFGW4IV,Ms,473-832-5708,false
216,Mavra,Cops,mcops5z@cloudflare.com,FlR4q8hmFruK,Rev,482-966-7043,false
217,Carolann,Immer,cimmer60@wufoo.com,QwLk2thmLY,Honorable,671-598-3419,false
218,Randell,Harmon,rharmon61@posterous.com,b5D9lMl3MmOp,Honorable,165-327-5196,true
219,Hastie,Leheude,hleheude62@etsy.com,PNMufFUTAf,Honorable,862-944-2356,false
220,Padraig,Benardeau,pbenardeau63@pagesperso-orange.fr,XOj5R6sp,Dr,381-503-9065,false
221,Lindie,Edelmann,ledelmann64@ibm.com,QVkgl6,Rev,923-419-8781,false
222,Konstantine,Whitmore,kwhitmore65@mozilla.com,eoAMZS,Mr,687-521-1229,true
223,Annis,Deftie,adeftie66@github.io,gtVW0eRQbm,Mr,394-577-4027,true
224,Neala,Vasyukhnov,nvasyukhnov67@1und1.de,pnIt4M4r,Mr,766-801-3807,false
225,Skipper,Trusslove,strusslove68@yelp.com,DrFOVd,Honorable,831-352-0373,false
226,Elsi,Itzhak,eitzhak69@ocn.ne.jp,gPfnk68,Dr,504-584-1599,true
227,Vonni,Dummett,vdummett6a@senate.gov,9y9KohM6,Dr,592-366-6789,true
228,Viole,Stedson,vstedson6b@google.com.au,gBvx4byGXgm,Honorable,943-809-5607,true
229,Dianne,Tiplady,dtiplady6c@artisteer.com,NAZthD8qws6,Rev,858-394-4459,true
230,Osbert,Macklam,omacklam6d@squarespace.com,hnX4KAdosEa,Dr,578-734-7646,false
231,Margarete,Fendlow,mfendlow6e@example.com,x1afKBw7NtMR,Honorable,275-210-5099,false
232,Vyky,Apark,vapark6f@godaddy.com,D7lH15A,Mrs,569-300-7078,false
233,Randy,Edgerly,redgerly6g@zimbio.com,0xwlB5IL,Honorable,265-921-8157,false
234,Ami,Jessen,ajessen6h@indiegogo.com,B7hxrD,Rev,473-827-1142,false
235,Jasun,Haddy,jhaddy6i@wix.com,BeFmVDO6fe,Rev,757-472-1133,true
236,Aleta,Vedikhov,avedikhov6j@mysql.com,5zf5nMEuj,Dr,831-509-8646,false
237,Ferrel,Orwell,forwell6k@forbes.com,FDcFqWeyi,Mr,506-779-1804,true
238,Tabatha,Gilhooley,tgilhooley6l@alibaba.com,ALkFqpgOx,Mr,675-795-2420,false
239,Amil,Mordey,amordey6m@ucoz.com,2PyCxPnX,Rev,330-187-4180,true
240,Yelena,Paschke,ypaschke6n@dagondesign.com,tfkHzHxzOC,Mrs,463-699-2450,false
241,Myrilla,Domaschke,mdomaschke6o@google.fr,FXvH6xBc7ZK,Rev,901-152-4675,false
242,Garey,Raulin,graulin6p@prnewswire.com,KLxFEu,Dr,590-299-7917,true
243,Chandra,Rubinek,crubinek6q@go.com,vSjmmaMVEd,Rev,770-193-9710,false
244,Johnny,Hammerich,jhammerich6r@desdev.cn,4wSzTIHEx,Mr,806-185-2678,false
245,Ashlin,Rissom,arissom6s@naver.com,hTEJDzIa9,Dr,911-980-9031,true
246,Gabbie,Nise,gnise6t@merriam-webster.com,OTnqJXFgqg5,Mrs,892-365-5179,false
247,Alberik,Wisker,awisker6u@alexa.com,Eq26sf8,Dr,124-676-6859,true
248,Audrey,Pickerin,apickerin6v@rambler.ru,Oz8ShoTCHsLV,Honorable,415-882-8981,true
249,Yanaton,Impson,yimpson6w@sogou.com,57TOjpbksu,Dr,429-918-3755,true
250,Ches,Renish,crenish6x@harvard.edu,1CgrCDhZHN,Mrs,852-536-0684,false
251,Josepha,Mc-Kerley,jmckerley6y@marriott.com,wgdnJIVUq,Ms,486-538-4833,false
252,Nicki,Ratcliff,nratcliff6z@mapquest.com,lt6E05aTw,Ms,728-942-0688,true
253,Riccardo,Yakubov,ryakubov70@lulu.com,0Ei73LSaM,Mrs,472-220-2466,false
254,Sharity,Latan,slatan71@linkedin.com,DpLwyobXFPZ4,Dr,827-979-1442,false
255,Gilles,Trahearn,gtrahearn72@reddit.com,G2lH3L4h7L,Mrs,527-325-0695,false
256,Orville,Wooldridge,owooldridge73@mail.ru,b4MKGgHY1,Dr,339-996-4715,true
257,Delphinia,Orwin,dorwin74@mlb.com,JpMjSkF,Mr,861-393-5984,false
258,Courtney,Oyley,coyley75@goodreads.com,pN7641Q,Mrs,103-160-8658,false
259,Melita,Melloy,mmelloy76@arizona.edu,FyX1VBXZy5j,Rev,523-554-6070,false
260,Mary,Bygate,mbygate77@friendfeed.com,zS8jVfPG,Rev,976-696-9227,true
261,Corenda,Kemson,ckemson78@over-blog.com,IwwOEku,Ms,493-667-4341,false
262,Waylin,Furmenger,wfurmenger79@epa.gov,yrfqgYaZ,Dr,912-790-9944,false
263,Lorraine,Ivanchin,livanchin7a@free.fr,CciDWAPUD,Ms,355-419-2594,false
264,Lindsey,Comberbeach,lcomberbeach7b@aol.com,azlg0vQqz,Honorable,829-235-9179,true
265,Mendie,Ballinghall,mballinghall7c@slate.com,ww8OtL,Dr,930-255-7828,true
266,Leola,Beslier,lbeslier7d@zimbio.com,DUzZjKdORZ,Mrs,432-874-5412,false
267,Brett,Fradgley,bfradgley7e@skyrock.com,WSwhS7BX,Honorable,584-371-3609,false
268,Devora,Minear,dminear7f@i2i.jp,SAF4KquYqQlj,Mr,291-888-8445,true
269,Nikolas,Hartas,nhartas7g@shutterfly.com,7NOPaabrR,Dr,435-266-6144,false
270,Tana,Shottin,tshottin7h@elpais.com,5tkWl928kzu6,Honorable,847-886-5166,false
271,Doris,Jelley,djelley7i@google.de,6JzSFa,Dr,827-989-8428,false
272,Titos,Pamplin,tpamplin7j@illinois.edu,LJBW4A,Mr,706-836-6189,true
273,Lars,Sessuns,lsessuns7k@baidu.com,MWWHhc48Asn,Ms,246-585-7789,false
274,Ruthie,Schuricke,rschuricke7l@cafepress.com,GZG6OG,Mr,824-983-6709,true
275,Jena,Vaisey,jvaisey7m@businessweek.com,U8P1EB,Mrs,292-341-0997,true
276,Annamarie,Rabbet,arabbet7n@foxnews.com,jlvzBuvPvh,Mr,970-383-8276,false
277,Riane,Aldwich,raldwich7o@alibaba.com,AftcECnlR,Rev,235-788-4264,false
278,Nisse,Holtum,nholtum7p@ucoz.ru,sptxQMhxgfd,Rev,238-128-7687,true
279,Eva,Cow,ecow7q@princeton.edu,Hz7sYQ,Dr,750-138-3763,false
280,Ivy,Doughartie,idoughartie7r@bloglovin.com,TtjMv7hz4MDM,Ms,408-830-1202,false
281,Penrod,Pegden,ppegden7s@time.com,bth1XwSx0,Mr,576-823-3045,true
282,Chas,Naisbitt,cnaisbitt7t@twitter.com,zHdQBor,Mrs,740-909-0823,false
283,Rad,Siss,rsiss7u@discovery.com,0lJmTiCnsK,Mr,405-230-6648,false
284,Carol-jean,Salter,csalter7v@taobao.com,xyuko4,Mr,684-831-6341,false
285,Dick,Pyford,dpyford7w@qq.com,rDMqYeUD,Mrs,297-331-6291,true
286,Gipsy,O'Nowlan,gonowlan7x@lulu.com,klgDnn1J,Dr,178-383-0359,false
287,Barby,de Mendoza,bdemendoza7y@mit.edu,OroWI8jmJ,Honorable,621-445-4624,true
288,Ariadne,Stollenbecker,astollenbecker7z@arizona.edu,n7AksB8D,Mr,286-243-6768,false
289,Britta,O'Grada,bograda80@oaic.gov.au,61zJ9Hf,Honorable,941-996-4489,false
290,Ronica,Scarborough,rscarborough81@eventbrite.com,yuVDpNP,Honorable,296-884-8239,false
291,Gannon,Boeck,gboeck82@yolasite.com,dwuOW5PV,Honorable,278-367-8900,true
292,Eldredge,Attwoul,eattwoul83@nature.com,j9zqAoX,Mrs,197-777-8326,true
293,Brittney,Impy,bimpy84@altervista.org,p7YstzGOw,Mr,342-438-5568,true
294,Shane,Kaesmans,skaesmans85@nationalgeographic.com,l8zNkffB6GsX,Mr,825-946-0129,false
295,Thekla,Seint,tseint86@reuters.com,20uFyZkJIW,Dr,718-772-2912,false
296,Andy,Branchet,abranchet87@jimdo.com,MEyYQUw,Dr,986-245-0644,true
297,Durant,Yosevitz,dyosevitz88@msu.edu,Zy055MYSg,Mr,319-455-7173,true
298,Patin,Redsell,predsell89@amazon.co.uk,wB5cWMcf,Rev,119-208-9293,true
299,Frederik,Fedder,ffedder8a@mail.ru,tUNaXmlED,Rev,849-714-3686,true
300,Clemens,Milborn,cmilborn8b@digg.com,1gwTSS,Ms,770-133-6780,true
301,Neile,Dumbar,ndumbar8c@mtv.com,orqC0S,Mr,746-949-6583,true
302,Pennie,Delahunt,pdelahunt8d@businessinsider.com,Vtalt9O,Mr,444-489-2369,true
303,Goran,Ricold,gricold8e@about.me,FXKFC7jfFPKn,Honorable,634-874-0865,true
304,Steward,McRae,smcrae8f@dagondesign.com,LpIDJlf,Honorable,750-673-1003,false
305,Nicole,Goudman,ngoudman8g@wsj.com,IxNc5Es49Gx,Dr,319-475-0445,true
306,Myrvyn,Pach,mpach8h@wunderground.com,zGxLp6MhJJL8,Honorable,615-965-3588,true
307,Charil,Munkley,cmunkley8i@dedecms.com,rrWpa0B,Honorable,230-871-5072,true
308,Adriena,Norrey,anorrey8j@cyberchimps.com,lXzCpmFqa,Ms,624-538-8951,false
309,Dayna,Cordeau,dcordeau8k@unesco.org,FlNnaOXWF,Mr,760-341-2012,false
310,Maximilianus,Bennis,mbennis8l@jalbum.net,sJXdlBQOSQBV,Mr,508-306-3637,true
311,Chrissie,De Giorgis,cdegiorgis8m@wikispaces.com,3koBIVy,Mr,967-859-2367,true
312,Mel,Kollasch,mkollasch8n@vinaora.com,nMWt2KmtzPR1,Mrs,422-800-4787,false
313,Leopold,Euesden,leuesden8o@wordpress.com,tmaoxOxjp9V,Ms,518-815-8531,false
314,Rudd,Sharpous,rsharpous8p@trellian.com,DKaXmqwtagIl,Mr,908-123-6603,false
315,Hi,Drugan,hdrugan8q@nyu.edu,gtaqqF97,Ms,945-456-7519,false
316,Roman,Sustins,rsustins8r@google.fr,lpuaDf,Dr,268-866-1380,false
317,Kalina,Brian,kbrian8s@cpanel.net,zqHuMUbf8jI,Dr,683-507-7536,true
318,Lucky,Wesley,lwesley8t@google.co.uk,Q60G2QWD3,Mrs,135-395-5824,false
319,Tonya,Lundie,tlundie8u@slideshare.net,omdaDS2M4C,Rev,792-554-3674,true
320,Jeana,Jobbins,jjobbins8v@furl.net,aRZzv7n,Rev,709-411-6889,true
321,Codee,Kiernan,ckiernan8w@usgs.gov,FJk5Qo,Dr,873-188-6348,false
322,Kimbra,Hudspith,khudspith8x@exblog.jp,OFDdR1kzN,Ms,482-570-3641,false
323,Viva,Orniz,vorniz8y@xing.com,ADF2AD1,Ms,721-408-6902,false
324,Sax,Baal,sbaal8z@dedecms.com,z2IG3iw2iK,Honorable,713-999-1178,false
325,Jasen,Biles,jbiles90@posterous.com,UXPt5rWXy56,Rev,776-784-7201,false
326,Selie,Weatherburn,sweatherburn91@163.com,96CE1xueiUd,Dr,735-153-1560,false
327,Guss,Poundford,gpoundford92@blog.com,FYWhtjaTGM,Dr,741-486-1965,true
328,Lynna,Burkman,lburkman93@123-reg.co.uk,VCkAfbWqno,Dr,429-727-5162,false
329,Arney,Storrs,astorrs94@columbia.edu,HlFMsPwkO0,Dr,452-834-5662,false
330,Patton,Schneidar,pschneidar95@newyorker.com,2DNky6,Dr,907-939-8476,true
331,Sascha,Rourke,srourke96@narod.ru,Edo7g5XjyXc,Ms,635-371-9121,true
332,Alfonso,Getsham,agetsham97@webs.com,5XOCUsurg8P,Rev,266-630-3048,false
333,Antonia,Breckenridge,abreckenridge98@dell.com,LKXcZ9,Honorable,686-809-0961,false
334,Francine,Boylund,fboylund99@nps.gov,BnzSztek,Mr,355-269-1844,true
335,Bethena,Vallerine,bvallerine9a@hostgator.com,ayRRpRu,Mr,108-197-8211,true
336,Arri,Roxbrough,aroxbrough9b@wix.com,spnn9JY,Honorable,344-552-0569,false
337,Mimi,Mc Gaughey,mmcgaughey9c@walmart.com,K6Yr5iEsHa7e,Ms,758-203-2434,true
338,Bibbie,Baudassi,bbaudassi9d@sphinn.com,KYPKwG,Mr,518-871-0957,false
339,Andres,Coller,acoller9e@privacy.gov.au,e7efwoKnvQoh,Mr,127-576-3539,false
340,Gisella,Fishburn,gfishburn9f@people.com.cn,IIeanVS5lcsX,Mrs,988-535-7845,false
341,Sabra,Lashmore,slashmore9g@bbc.co.uk,HT838pxX,Rev,761-694-6540,false
342,Ulrick,Van den Hof,uvandenhof9h@usa.gov,WVWBSmI5a7,Mr,241-690-0242,true
343,Eyde,Reekie,ereekie9i@virginia.edu,4whIFvLYJrn,Honorable,424-869-3161,false
344,Axel,Scarasbrick,ascarasbrick9j@icq.com,95GEpLwnZKO,Mr,213-561-5108,false
345,Nathaniel,Bromfield,nbromfield9k@indiatimes.com,uMPQL5PYHrtk,Dr,909-639-9324,true
346,Gilbertine,Bossel,gbossel9l@t.co,sgJlW4aw,Dr,231-339-8135,true
347,Antonie,Lavis,alavis9m@imageshack.us,nycav5M68,Ms,361-765-7125,false
348,Julius,Norrington,jnorrington9n@amazonaws.com,1vsv3M,Mr,845-120-8450,true
349,Catarina,Chamney,cchamney9o@hp.com,2GnWd5MBhb,Ms,126-457-2759,true
350,Kiley,Massie,kmassie9p@phpbb.com,pJaUAxaiuSw,Mr,783-723-7873,false
351,Cully,Harry,charry9q@columbia.edu,eBUlpo50,Honorable,995-559-0145,true
352,Ardelle,Byway,abyway9r@uol.com.br,GEdELfhYP,Mrs,759-193-8350,false
353,Giuditta,Binder,gbinder9s@pinterest.com,hTTtNj3,Ms,906-315-7939,true
354,Odille,Bowling,obowling9t@mashable.com,UooqkWALAu,Honorable,953-276-3170,false
355,Almire,Spittal,aspittal9u@hc360.com,WDFJJj,Ms,485-231-9815,false
356,Emmye,Wagen,ewagen9v@meetup.com,dcBJvtcrR2,Honorable,382-770-0504,true
357,Thelma,Penniell,tpenniell9w@whitehouse.gov,onnSPsezEYF,Mr,618-736-8595,true
358,Ricki,Lusty,rlusty9x@wix.com,f9MGPp,Rev,381-676-0316,true
359,Dyann,Giacobillo,dgiacobillo9y@sina.com.cn,zTL6xON,Honorable,666-572-0078,true
360,Arleta,Haysom,ahaysom9z@quantcast.com,f5wOpwU,Mrs,778-957-8789,false
361,Marlon,McGeady,mmcgeadya0@bloglines.com,l5nqFV,Mrs,647-886-6662,false
362,Ninetta,Pinare,npinarea1@booking.com,1lGb2C,Mr,889-481-2915,false
363,Sonny,Hurford,shurforda2@washingtonpost.com,7vuOH5Ksa,Rev,827-382-7322,false
364,Nike,Pulbrook,npulbrooka3@ow.ly,aXdHPaTm,Dr,943-822-2459,false
365,Chandra,Northfield,cnorthfielda4@yelp.com,cJ7w8C7R5xa,Rev,443-444-1755,false
366,Merle,Reckless,mrecklessa5@bloglines.com,h5hvHTS,Honorable,426-730-8035,false
367,Zachariah,Eccersley,zeccersleya6@shutterfly.com,RVS1XWAL,Ms,175-891-2417,false
368,Buiron,Canter,bcantera7@lycos.com,ey2Xgk,Honorable,301-861-4678,true
369,Gladys,Burwin,gburwina8@who.int,c0rUAF,Dr,770-911-4405,false
370,Edin,Klejin,eklejina9@smugmug.com,Airckw,Mrs,974-930-5840,false
371,Reinwald,Mazzei,rmazzeiaa@typepad.com,SkD3FGu,Dr,451-669-4797,true
372,Meredith,Maffiotti,mmaffiottiab@ask.com,1KakTTPJc,Ms,578-889-3021,true
373,Frederico,Meake,fmeakeac@businessweek.com,dzzfGK,Honorable,205-756-4411,false
374,Pascale,Strotton,pstrottonad@ucsd.edu,nRfs6sFIX3,Honorable,354-811-6022,false
375,Alvie,Lemmon,alemmonae@quantcast.com,4ZygyWISS,Dr,189-646-7510,false
376,Raquel,Treswell,rtreswellaf@merriam-webster.com,yChhz2FO3,Rev,148-212-7739,false
377,Sukey,Ungaretti,sungarettiag@admin.ch,KOg7Mc6X,Rev,169-909-7370,true
378,Zelma,Pawlaczyk,zpawlaczykah@oaic.gov.au,eTVwALmilPt,Honorable,863-285-2006,false
379,Ronny,Lelievre,rlelievreai@lycos.com,26tvXzeeT,Ms,242-752-5067,true
380,Jody,Roycroft,jroycroftaj@delicious.com,URR2Tt5yJ,Dr,109-158-0355,false
381,Fonzie,Gimert,fgimertak@creativecommons.org,pxuXfqnG,Rev,936-974-3864,true
382,Zachary,Byars,zbyarsal@wikipedia.org,D6LcTLPn,Rev,650-838-8522,false
383,Auguste,Sayes,asayesam@hugedomains.com,8hRpls9,Mr,331-667-3034,true
384,Flora,Heiner,fheineran@earthlink.net,C507bxU4C,Mr,360-878-8546,false
385,Fiona,Bullers,fbullersao@apple.com,VW91QPyhA,Dr,799-556-9425,false
386,Davide,Tomsen,dtomsenap@yale.edu,1EOtYC2gtT8,Ms,688-404-5294,true
387,Ines,Whorton,iwhortonaq@jiathis.com,l2ow8Pc,Honorable,826-964-2720,false
388,Claudetta,Millis,cmillisar@hao123.com,G6h4Wf8,Mr,118-990-5767,true
389,Cariotta,Culcheth,cculchethas@yahoo.com,qWQAlD6PGG,Ms,350-574-1143,true
390,Saba,Keigher,skeigherat@mapy.cz,gUhcVR9Fcu,Mrs,783-923-2377,true
391,Ricky,Chrystal,rchrystalau@msu.edu,GAeTJO,Rev,572-348-0387,false
392,Kai,Jillins,kjillinsav@smugmug.com,2qsgo7TjOHdC,Ms,144-260-4671,true
393,Martynne,Sweetland,msweetlandaw@jigsy.com,Sw792XJ,Dr,933-376-3335,false
394,Grissel,Mcimmie,gmcimmieax@hp.com,ufvM0B2il7,Ms,871-716-7611,true
395,Bendicty,Bessett,bbessettay@discuz.net,KLdxZSErpeV,Rev,430-321-8530,false
396,Emanuele,Duncklee,edunckleeaz@amazon.co.jp,onovBWsT,Dr,629-244-6082,true
397,Eric,Brymham,ebrymhamb0@lycos.com,858Tc6yDe,Honorable,740-753-5882,false
398,Shelly,Jaquin,sjaquinb1@fc2.com,qRok14mobl,Rev,582-883-7841,false
399,Leeann,Elgy,lelgyb2@sina.com.cn,jte2bCxlaH,Honorable,743-108-0599,true
400,Brooks,Tezure,btezureb3@ed.gov,8MZFUOxiEB,Honorable,652-653-5697,false
401,Jodee,Chitty,jchittyb4@goodreads.com,wwoNyhLVh7,Mrs,657-808-7627,true
402,Celestyn,Stoffer,cstofferb5@nhs.uk,aNFhsy,Dr,739-275-8379,false
403,Ardisj,Lelande,alelandeb6@qq.com,nmpirAwba8co,Ms,624-691-6983,true
404,Glenn,Durnford,gdurnfordb7@clickbank.net,wAn1E0XqkY33,Mrs,192-167-1598,false
405,Amalia,Coke,acokeb8@shareasale.com,0xGno2VC,Rev,569-504-4820,false
406,Thornie,Dumbarton,tdumbartonb9@ow.ly,jlXi4GNU,Honorable,508-590-2519,true
407,Blanca,De Winton,bdewintonba@flickr.com,M4GBCfSE,Rev,626-356-2673,true
408,Minor,Gonnelly,mgonnellybb@booking.com,SdlRuY2jTXB,Mr,987-513-0956,false
409,Windy,Butner,wbutnerbc@123-reg.co.uk,MyvzEbCVOD,Mrs,277-358-6323,true
410,Brigg,Vassbender,bvassbenderbd@surveymonkey.com,K74tfz,Mrs,805-649-3606,true
411,Chris,Colnett,ccolnettbe@printfriendly.com,LzXTkCn9GD,Rev,571-880-6087,true
412,Shaylynn,Coventon,scoventonbf@nydailynews.com,szVLhBon2JAI,Mrs,114-832-2723,true
413,Trudie,MacIlriach,tmacilriachbg@pcworld.com,NTvkzS,Mr,865-846-6697,true
414,Almeda,Seamer,aseamerbh@taobao.com,dVsW9q4,Ms,655-503-8470,false
415,Verina,De Cruz,vdecruzbi@ovh.net,5lFFdmg7Ff,Rev,814-914-9218,true
416,Isis,Luckes,iluckesbj@unesco.org,L9maSOKs7h,Honorable,389-562-4707,true
417,Mattheus,Jado,mjadobk@phpbb.com,klSXia,Honorable,498-586-3256,false
418,Neal,Akister,nakisterbl@webnode.com,iiPJAc5JUv9,Dr,131-398-8964,true
419,Lulita,Demaid,ldemaidbm@yellowbook.com,7GMizH3Ptq,Mrs,528-178-3946,false
420,Sunny,Daniello,sdaniellobn@hubpages.com,H6Zaiq,Mr,533-302-7850,false
421,Welbie,Clemont,wclemontbo@woothemes.com,UXCNCMBhu2MI,Mr,491-906-8770,true
422,Sigfried,Crossgrove,scrossgrovebp@goo.gl,FfO3QE8,Dr,677-499-7949,false
423,Ann-marie,Quilleash,aquilleashbq@cocolog-nifty.com,kLlpfoaPGMxr,Ms,448-425-7120,false
424,Barbara,Fratson,bfratsonbr@amazon.co.uk,yplQgoY,Mrs,542-814-8304,false
425,Emanuele,Lilie,eliliebs@washingtonpost.com,pJcDtPYQw,Mr,738-151-5998,false
426,Ciro,Ruben,crubenbt@independent.co.uk,0ELozFSwkG1,Ms,745-894-9943,true
427,Idalina,McAlindon,imcalindonbu@free.fr,VvFLa88kseB,Rev,717-776-6268,true
428,Gianina,Breede,gbreedebv@ftc.gov,5R682k34WmB,Dr,303-969-0598,true
429,Baxie,Rowlatt,browlattbw@abc.net.au,kFg5txc1,Ms,720-582-0723,false
430,Donall,Hoggan,dhogganbx@statcounter.com,7wPpfKmF,Honorable,261-418-4207,false
431,Mommy,Capaldo,mcapaldoby@vkontakte.ru,CgTs49z,Mrs,301-462-8039,false
432,Nicolas,Feeny,nfeenybz@chicagotribune.com,Maq7FV4xD,Ms,623-390-3942,true
433,Minetta,Keems,mkeemsc0@odnoklassniki.ru,rNMkAnA6b,Honorable,726-936-6103,true
434,Bart,Benoit,bbenoitc1@ifeng.com,LJEAYc8,Honorable,755-748-2013,false
435,Charmane,Meugens,cmeugensc2@posterous.com,E4t9rG,Rev,217-174-5847,false
436,Drusie,Wedge,dwedgec3@squarespace.com,aaZrWjMp2qfh,Dr,616-154-5625,false
437,Binni,Cleaves,bcleavesc4@nsw.gov.au,EE2j9pIo,Rev,731-293-2695,true
438,Esmeralda,Poytres,epoytresc5@mashable.com,x6hva03geH,Honorable,589-644-7035,false
439,Paulette,Raikes,praikesc6@vk.com,HxABgCFE4,Ms,347-987-6052,true
440,Loni,Allchorn,lallchornc7@newyorker.com,fXGy2pE,Ms,728-296-8094,false
441,Estele,Jansson,ejanssonc8@fastcompany.com,V0hUGuptt9w,Ms,929-269-3719,false
442,Vinita,Wathall,vwathallc9@msn.com,yxGcSvgE,Honorable,624-920-1344,true
443,Bria,Diche,bdicheca@blinklist.com,lt6f4I529,Mrs,426-680-8729,true
444,Arel,Corrao,acorraocb@free.fr,qQBiabGRZhgB,Mr,430-780-5145,false
445,Wye,Abramovitz,wabramovitzcc@hubpages.com,uo7LCMuvzG,Honorable,326-122-8555,false
446,Obadiah,Bickerdike,obickerdikecd@de.vu,4JUCX3W,Ms,913-613-0855,true
447,Oates,Coward,ocowardce@nasa.gov,tsLbJSJ0xb,Honorable,762-241-1643,true
448,Kassey,Storks,kstorkscf@addthis.com,dD9o2shnS80,Ms,564-726-9160,false
449,Jackson,Raitie,jraitiecg@cargocollective.com,lJvwpQWrLHzI,Ms,292-239-9206,false
450,Silvie,Dummer,sdummerch@alibaba.com,LJf9Nyzl,Mr,483-427-4874,false
451,Gerri,Baugh,gbaughci@ebay.co.uk,DFxOWJLt8lj,Ms,448-615-2019,true
452,Doti,McDonnell,dmcdonnellcj@simplemachines.org,hpRRlPYmu,Mrs,462-454-5226,true
453,Ashien,Outridge,aoutridgeck@topsy.com,yldUJo02,Rev,927-441-3059,false
454,Robers,Hatherleigh,rhatherleighcl@indiatimes.com,vMHKq9,Honorable,337-877-4528,false
455,Benyamin,Mebius,bmebiuscm@pcworld.com,Na8YGw,Mrs,704-219-8857,true
456,Tessy,Hatchell,thatchellcn@aol.com,AUNzYJZPKw1,Mrs,984-691-8302,false
457,Sutherlan,Bleythin,sbleythinco@livejournal.com,9Do1DWOs,Ms,821-554-1880,true
458,Willabella,Copnall,wcopnallcp@google.cn,BJTCVAHvLVcC,Dr,115-628-8754,true
459,Pandora,Livsey,plivseycq@altervista.org,W9iZBN4MnRa,Mr,171-956-8685,true
460,Geno,Fallow,gfallowcr@bravesites.com,7Cqh1Kklsl,Rev,735-879-4034,true
461,Anna-diana,Scargill,ascargillcs@kickstarter.com,baMoL9lWL,Rev,124-995-8845,false
462,Audrey,Cullinane,acullinanect@unc.edu,kfdMVCSbu,Rev,817-872-9768,false
463,Morlee,Guillain,mguillaincu@stanford.edu,fUmmOw,Dr,686-182-7005,false
464,Darnall,Johnke,djohnkecv@accuweather.com,dkzLo1Sf,Mr,601-718-6373,false
465,Lucine,Karpf,lkarpfcw@walmart.com,yi1bmOHzf,Dr,454-321-1561,true
466,Hartwell,Leffek,hleffekcx@shop-pro.jp,pRpD7w,Rev,936-752-0391,true
467,Esteban,Stowers,estowerscy@dot.gov,nCjwwzKW54,Ms,332-291-2570,true
468,Eric,Copozio,ecopoziocz@kickstarter.com,DFs5CvY,Mrs,840-932-9392,true
469,Angel,Loosmore,aloosmored0@sphinn.com,gFJc49fMo2,Mrs,750-532-8896,true
470,Aksel,Dudbridge,adudbridged1@tripod.com,ubaT1pLT0T,Mr,290-846-1797,false
471,Levey,Ashborne,lashborned2@jalbum.net,359pkbl,Mr,352-252-0343,false
472,Cozmo,Spadelli,cspadellid3@stanford.edu,c5OwUHla,Mr,456-778-0076,false
473,Corrie,Blasli,cblaslid4@ameblo.jp,sahanbZxdOcA,Dr,337-778-7882,true
474,Darell,Giral,dgirald5@chicagotribune.com,vjNs5VRw,Honorable,144-953-4706,false
475,Dalli,Jerzycowski,djerzycowskid6@harvard.edu,7P6F2Qp5d,Mrs,713-328-5559,false
476,Garrik,Snaddon,gsnaddond7@earthlink.net,CVDNQsZcpndd,Rev,383-262-5518,true
477,Benjie,MacAne,bmacaned8@lycos.com,XYYkFD,Dr,970-557-9086,false
478,Katine,Liddicoat,kliddicoatd9@geocities.com,PNRs4EreI,Dr,951-904-3710,false
479,Nike,Grove,ngroveda@examiner.com,lm9xoFKUb,Honorable,799-162-0163,false
480,Glennie,Kolak,gkolakdb@ebay.com,YLBmB5ZC80l,Ms,810-897-8373,true
481,Chad,Sunners,csunnersdc@toplist.cz,XZtmV9H8KAx,Honorable,518-683-2360,false
482,Billye,Ottewell,bottewelldd@typepad.com,902E6sIa,Honorable,274-627-2347,true
483,Dennie,Conrath,dconrathde@ucoz.ru,1FpriplKvUu,Rev,372-165-8483,true
484,Reuven,Mitford,rmitforddf@woothemes.com,mOIiNwXk,Mrs,872-291-0844,true
485,Willard,Gibberd,wgibberddg@dailymotion.com,qJn233IaaPn,Mr,207-465-4351,true
486,Tanner,Downe,tdownedh@comcast.net,NJmZs1fpku,Ms,265-411-1472,false
487,Danit,Feeham,dfeehamdi@xinhuanet.com,lidQaUF0KjkU,Ms,302-547-9682,false
488,Jesus,Dishman,jdishmandj@mapy.cz,XKLd96,Mrs,134-504-9521,true
489,Rickie,MacCumiskey,rmaccumiskeydk@blogs.com,CKjp5Gnr,Honorable,348-198-5959,false
490,Buck,Brodeur,bbrodeurdl@zdnet.com,UBdGcDKat,Honorable,174-104-6658,false
491,Blythe,Lelievre,blelievredm@dion.ne.jp,m539y9,Mrs,528-825-8637,false
492,Bob,Bayless,bbaylessdn@live.com,bcMfCIPcDCLf,Mrs,622-736-9137,true
493,Dukey,Tym,dtymdo@zimbio.com,4UYoln,Mrs,468-881-9996,true
494,Emmy,Sellens,esellensdp@sogou.com,R4TeZlC8Y,Rev,602-272-4649,true
495,Verna,Lode,vlodedq@bloglovin.com,zVMHeF,Honorable,784-476-2639,false
496,Isac,Dainty,idaintydr@cloudflare.com,aDizA3odcHz,Rev,489-889-2634,false
497,Harri,Killough,hkilloughds@etsy.com,mw4O95Q7eBk,Dr,811-855-9738,true
498,Janith,Nineham,jninehamdt@mail.ru,QKbuhZ2Y,Mrs,964-293-3004,false
499,Orelia,Linguard,olinguarddu@microsoft.com,6cXxgVM7yn6j,Ms,868-824-2571,true
500,Marilin,Leel,mleeldv@msn.com,uWVePdg0,Rev,923-157-3376,true
